GPA,Attendance,Study_Hours
7.58,78.6,12.0
7.17,80.6,9.4
8.06,85.8,12.6
8.75,85.5,16.1
6.12,61.2,9.1
6.34,65.6,9.1
8.52,80.2,16.3
7.87,80.1,13.1
6.88,80.2,8.1
9.36,100.0,12.2
6.91,80.7,8.1
7.20,86.4,8.1
7.67,84.5,11.0
5.80,81.5,2.3
5.46,71.8,3.1
6.93,82.6,7.8
5.80,67.3,5.9
7.13,72.6,11.3
6.03,70.1,6.4
5.91,75.8,4.4
9.33,98.1,15.9
5.89,56.3,9.1
7.40,81.9,10.3
5.05,58.9,4.3
6.33,70.3,7.8
7.63,85.9,10.4
6.11,75.6,5.4
6.76,64.2,11.5
6.16,67.8,7.6
7.11,81.8,8.8
6.15,67.7,7.6
8.59,77.2,17.4
7.01,75.5,9.9
5.83,68.5,5.8
8.73,96.4,13.3
6.34,81.3,5.1
6.15,54.7,10.8
5.53,76.9,2.2
5.61,68.4,4.7
7.58,83.5,10.8
7.19,67.1,13.0
7.08,73.9,10.7
7.16,80.0,9.5
7.19,83.7,8.8
5.22,63.0,4.1
6.26,71.7,7.1
6.39,70.3,8.2
7.52,68.5,14.2
8.16,92.7,11.4
5.79,79.0,2.9
6.63,62.4,11.3
7.15,84.2,8.5
7.52,96.2,7.3
8.01,85.3,12.4
7.07,59.8,14.1
7.50,70.2,13.7
6.96,87.7,6.6
6.40,67.9,8.8
7.49,79.4,11.3
,,
,,
,,
,,
,,
,,
,,
,,
,,
,,
,,
,,
,,
,,
,,
,,
,,
,,
,,
,,
,,
,,
,,
,,
,,
,,
,,
,,
,,
,,
,,
,,
,,
,,
,,
,,
,,
,,
,,
,,
,,
,,
,,
,,
,,
,,
,,
,,
,,
,,
,,
,,
,,
,,
,,
,,
,,
,,
,,
,,
,,
,,
,,
,,
,,
,,
,,
,,
,,
,,
,,
,,
,,
,,
,,
,,
,,
,,
,,
,,
,,
,,
,,
,,
,,
,,
,,
,,
,,
,,
,,
,,
,,
,,
,,
,,
,,
,,
,,
,,
,,
,,
,,
,,
,,
,,
,,
,,
,,
,,
,,
,,
,,
,,
,,
,,
,,
,,
,,
,,
,,
,,
,,
,,
,,
,,
,,
,,
,,
,,
,,
,,
,,
,,
,,
,,
,,
,,
,,
,,
,,
